,gene_id,sequence
0,FBgn0037220,TTGAATAGCTATAACCATATAGTGAGCGCTGTGTGGTGGTAAAAGCTGTTCATCTTTCGC
1,FBgn0015331,ACTGTAATCGATACCCATTAGAATATAGTATTTTTCGGGCTCGCCTAATTTAAAACGTCG
2,FBgn0261086,TGTGTGACCCCCACCTCCCTAATTCGAGGTTTCACGAACGAAACTTCGTCAAAAAGGTAG
3,FBgn0037234,TCGCTGTTCCAGCGAAAGTCATCGCTTTGACGGCACATCGCAGATTGCCCACCTCTAAAA
4,FBgn0086608,ATGAGGTAGCCCACCAACAGTAAACCGAAAAAACTTCCGTCTTCGCCGTCAGCGTCTCGT
5,FBgn0263594,CGCATCGGCGATGTTTTTTTACGTCACCAGAGAAACGTCAATTTTCAAACGTGGTTTGTT
6,FBgn0037248,GATTACGGTACCGGAGCGCCTAGGAGGCGCCACGCGCGGGGACCAGTGTGACAGACACGG
7,FBgn0003002,ATATTTTCACGAGGCAACACAGCAGCGAGTTAGAATTTCAGGAGCATTTCAGTCCTGCTG
8,FBgn0004913,ATTCTTTAAAATACTTATACTAGTTTTTTTCAATCGTCACCGACGCGGTTACACTGGGGA
9,FBgn0265082,TGTTTCGGCAGCCCTGCTATCTCGTGGTAGCGCCAAAGAGTATCGTATCTGAGTTTTTTC
10,FBgn0004436,CTTTAACTAAACTCGAGGTCGAGATGCACTATCATAGCCCCTTTGTAGCCAAAAGCAAGG
11,FBgn0037301,TTTGCACTACTGTAACACCAGTCTGGCATCGCTGTGATATAGATAAGGCCAGTACGACAA
12,FBgn0085306,TACACAGATTATAACGCTCACAACATGACATGACAGTACTCCCAAATTTCAGGTTAGCCA
13,FBgn0037340,ACGGTTGAGCCGCGTATCGTCGCTATTCAGTCCCAACAACCACGCTAGTATACTAACTTT
14,FBgn0037344,AGCTTTCGCGAGCGACTGCAATTGGGTGGAGATCGACTTTTTTACCGACTTTAGGTTCAC
15,FBgn0014366,ACTACACTGTTATATTCGGTAGGGACGAAATAACATTCACATAAAAAATTACATGTGTGC
16,FBgn0250753,ATTTCGTGTACATGCGACCGTAAAAATCCAATTCCGAAAGAATCCGAGTCAAAAGTGATC
17,FBgn0017550,TGTGTGTGTTTGTGTGCGTGTCCCAGTGTCTGTGTCACGAACACGTCGTCACATCATTCT
18,FBgn0019637,CTGGGGCGTCTATGCGAAGACCTCTTTGCGTATTTCAGTTATCGATTACTGTGACAGTGC
19,FBgn0044823,TTCAGAGCTTTTAGCTATGAGCAACTAAGCTGCGAACGACGGTAGCGATCTTTCAAAATT
20,FBgn0037360,TGTAACTATATAATAGTTGTGGGGGATGACCGTTGAGACGAGGCAAAATTACCGCTGGCC
21,FBgn0010772,ACAAATCGGGAACTCTTATGGTAGTTGACGGGTCTCTTGGGACAAAAATCAGGTAGGGAT
22,FBgn0037363,TCGTTTCCGCACCAGCTCTGTTATCGATATCAACTTGAAAATATGTTGTCATTCTCACAT
23,FBgn0037443,GTGAAAGCCTGAGACCAAAAGAAGCAGTTCTTCCGCAGCTGGTGTGAATGAAACACAACT
24,FBgn0264495,GCATTTTTCCGCCACCCGTTAGGGATTCTCCGTTTCCCTTTTGTGTTTTTGTTTCTTTCT
25,FBgn0037472,TTGAACCTTAAACAGCTGTGGGAAAAATCAATTTTGCAACTCCCTCGCGCACTTCTGAAG
26,FBgn0004174,AGAACTGGACAGTCTGGGTGGATTGGAACATTCAAGCCTTTTATATAGTAAGAGTAGAGC
27,FBgn0004173,AGCTGTCAACAGTTTAAGTATATGGTTGAACACTCAGTCCAAAGGTAGTAAGAATAAAAC
28,FBgn0037504,GTCAGCTGGACACTCACACACACGATGATGATGTGCCAGTGTGACAAACATACAATATTT
29,FBgn0037525,AAACCGAAGCGAGCGACCTAATAAACACCCTGGAAAGTCAAGTCCAAGTCAGCACAAGCA
30,FBgn0000504,GCGAGCCGCGAAAACTCAAGAAACGTAGGCGCAGAACGCCGGGTTACACTCAACGGAACA
31,FBgn0037539,GCTATAAGTTGTGATCAGCTTTAACCGCTTAGTCGTCACTGGCTACTGTTATGGTTAGCG
32,FBgn0037540,ATTTTATCGATAGTTGATGCCGGGAATAGTTCATCGCTAAAGTCAAAGGCAATGTAAACA
33,FBgn0037580,TATCATATAACACATATGTGGTGTTATATCGACTCACAAAGCAGCTGGTCACACTGCTTG
34,FBgn0263231,CCCCATGTCGCCGACTGCGGAATATTTGTTGATAAGGATTTGTATTTGTGTTTGTAAAAA
35,FBgn0037624,TATATTTTGCAGTATTTTAATTGTTGCAGACGGCTTTTTAAAGCGCCACCAGTTCGTTCA
36,FBgn0015396,CAACGTTTTCCAAAAACGGAGGTACGGTCACTCCAGTCTCGGGCGCTCTCATTTTTCGTT
37,FBgn0259938,TCTCTCGTCTCTTTTTTGGGGTCTCGTGCCGCCAGCGAGTTTTATTCATTCATTTCGATT
38,FBgn0001235,CAAACCCAAAGCGACACCCCTGCGACACTCTAAAACCGAAAACAGCGAGAGAAACTGTTT
39,FBgn0051390,CGAGTAAAAATTCTTTTGTTAAACTCACTATCACAGTAGTGATAGCACTCACTAAGCGGA
40,FBgn0037856,CAGCACCGCGCAACAGCTGTTCGTGCTATCGGACCGCCGCTCTCACGGTTATCGAAAGAG
41,FBgn0037873,AAAAATGGTTGCATCACCGTAGGGACAAACGCCATTATAGCGCGTCAGTCACATGCCAGG
42,FBgn0037874,ACCACTCCCAAGCGAGTTGGCAGTTCTTTCGCCATTTTTTCTCGCTCATTCTTTTTGCTG
43,FBgn0037890,ACTCGCTATTCAAAAACGAGACCAGTGTGTAACGAGCTTGACGACAGGTAACGTCTTTCA
44,FBgn0037891,GGTGACGCTTTTGCCGTTTCTGTCATGACATAAGAAATTGGTATTTTTTTAAAGGGAAAG
45,FBgn0263316,ACCCAGAGAGTGACATGTATTTAAGGTGGAGCCCGAGAGCGGATCGGGTCAGAACGAGTC
46,FBgn0262364,TAATCTTAATTAAACTGTATTACATTTTCTAGTTTTGCTATCACAAACATAGTTTCCTTC
47,FBgn0037956,CTGCGACGACGGTAACCGCGAGCCGCAGCGACGAGCCGATGTCAAAAGTCAAACAAATAT
48,FBgn0037963,GGTGAAAAGAGTTTCTCACGTTGTTCACTAAGACAAATACAAAAGTTGTTGAAGAGAGAC
49,FBgn0037999,TTTTCGAAAGTGATGGAGCTAGCGTTGGCCGTGGTGCCCGAACCCTAGTCAACCGCTGCC
50,FBgn0001149,TGGTGTCGGCCGGGGATATTTTCACCCGAGCGAGAAGCTTAAGGCAAGTCACGATGAAAA
51,FBgn0038053,CGGGCCTTGGAAATCTGTTATTATCGCGCTGCGTCTGGAAGTCTTTTTCCATTCAACTCT
52,FBgn0013277,CTTTTCTCGCGTCGTCATATTTATCTCCGCGAAGCAGATGCCTCGCTGTTAAGTTAAATT
53,FBgn0038065,AATTTGGAAGCATTGATTTGTACCACCCCTACTGTTAACTCACACAGCACAGTTCTGTTA
54,FBgn0038110,GGTCTCTTGCACAAATAAAGTTTTTGTTCTGCTGCCAGTGTGACGACATGGTTATTGTTT
55,FBgn0004587,CTTGGCGAAACATACACGGCGCGTACATATGTGCGTTTTTTTTTTCTTCCATTCCTAAAG
56,FBgn0024555,CAGCTCACATTCTCGTCATATGCAACTATCGCTGTACTCTCTGGCCGAGTATCGATACGC
57,FBgn0038197,TTGCGCCGCCGAAACGAACACTTTTACGAAGGCGACGGCGAATCAGTTTCAGTTGTCAGT
58,FBgn0038244,CTTATCGTCACCCTTCTTCTTGTTCTTGCCCGTTGCGTTACCGTTAAGGAGAAAGAGGCC
59,FBgn0011217,AGACCTCACTTAAATTTAAAATTTTATTGCGGGACAGTTAAGTCAACATCTTGAGTCATC
60,FBgn0038286,TGCGCTTTTGTTTGCCTTTTTTTACTGGTCGGTGTCGACTTTTTGCCGTAAAATAAAACG
61,FBgn0051344,GCGCGGTTACTGGCCGAAAGGTAAGAATAAACTGCTCGGATTGCACGGTCAACGTCAATT
62,FBgn0045035,CAAGAATAACTAGCACCATAAAAAACCGCGAGACCGTCTCCAGTGAGATTCATGTAAAAC
63,FBgn0263755,GTTGGTACTAATCTCGTGATAGCTATCCGTAACAGCCCAGGTTAGCAAGAAGCTATAGCT
64,FBgn0266745,CGACGGAGCGGATTTTGCCACGCGCACACACACGTACCACTGCGCACACACACGCTGACC
65,FBgn0019925,TAACCGGTACACAACGGGTAACCGATAGCTATTGCGTCGCTATTGCTATCCGGGGTAGTG
66,FBgn0051301,TTATCGATAGCCAATGGGCAACACATGGCCAATCGAATTGATAATTCGCTGTGAATGGGA
67,FBgn0267408,CCGGCCTCTTGGTGATATATATACCCCGATGCCTTCCGGGTATGGGAGTCAGCGAGCGTC
68,FBgn0038349,AAAACTAAAAAACGCGTATCTCTGAAGCTCAGCTCCGCTCCTCGTTGGTCAGGTGTTAAA
69,FBgn0000246,GTTATATGACATCCAGTAGTTCGAGTAGAGATCGATTACAAATGGCAACGAAAAGTTGCG
70,FBgn0038363,TGAACGCCCCTGGTTTTGCGTTGTCGCCCTGGCTACGATAACTATGTTACAATTTAATAA
71,FBgn0262527,CACAGAAACGAGTACAGCTTCGATACACGTCGTTTTGCCAAAAGCGTAGCAGAGCAGTCT
72,FBgn0002783,GTTGTTGTAGCTAAATTTATGGTAGAGATAAAATAGTTGCGTCGCAAATAACCGAAAAAC
73,FBgn0038515,TGCACCACTCCTTCGGTTGTATCTGAGACCATTGTGATTTGACCTCTACTTTGAATGAAG
74,FBgn0038519,AAGGACACATAAAACTCGAAATTCGTCTCGACCAATGTGGGACGACAGTTCAAACAAAAG
75,FBgn0038536,AAATTCTTCACCGAAGATTTTATCGCGACTGTGCCATGGTCGCACTGATTAGCTCACCGA
76,FBgn0020238,CTAATGACAAATTGAATTGCACAGAAAAGGTGGAAGTCCCTGCTAACGACATTGCTTCAT
77,FBgn0038593,TTTAGCTAAATGGTGGCGATTTCGATAGCTATAGATAGTAGTAGTCGATAGTAATCACCA
78,FBgn0024432,ATACTTCCAAATTAAAAGCAAACTTTGCTTTCCGCATCCCTTAGAAAAATAGAATCCCGA
79,FBgn0051122,GTGGCTATCACGGTAGCTATCAAGACCGACGAGATCAGCGCTTTTGTGTCTGCGTTCTAT
80,FBgn0261792,TCTGTCGTCGTACAGAGTCATCGAATAGTGGGAACAGCTTTATGCCAGTATGCTGACGCT
81,FBgn0026239,ATGATTTATCTGCGACTTCACTGCCCTTGCCATGTATTGGGCACACTGGCAGTTATTTTG
82,FBgn0004876,AGCCAAAGTCGTACCCGGGAGGTGAAAAAAGGTGGTAGGGTGTTGCCAGTGAGATTAGCT
83,FBgn0038678,AGAATTATTGATTAAATCCTCAGAAATTTAGAATGGGAGCCCAGCCAGTGTGATAGTCGA
84,FBgn0010768,AAAAACAACTTCTGAAAAAAGACGCTCTTCGCTGTGATTTTTTTTCAGTCAGTTTTTCGA
85,FBgn0261984,AGTGTGAAGTTTGGTCATGCCAGAAAAGGGTTAATAGACGGGTGACAGTGAGATGAGGCG
86,FBgn0038737,GTAAACTTCCCAGAACTTGTATTGACTTTGGTCGATAAAAATCGATAGGCGATCTAATTT
87,FBgn0038738,TGGGATGGCAAACTGGCCACGCCTATGTGACTTTATAGTCACGACGAGTTAACCCTTTCG
88,FBgn0038746,AAACGCGATCCCATTGGTGACAGCTTTTGTGGGCTTAAGACACCCCAGTGTGACTTGAGC
89,FBgn0038787,CCGCCCCCACGTCGAGACGGGCAAGCGAGTCGGGACCTTTTGGTGCGGTCAGTAAAAACA
90,FBgn0038788,TAGCTGTTAGAGATAACTTATTCGTTAGCCTAAACCTATCGATAGTTGTCAGAACTTGTT
91,FBgn0040575,AAAAAGCAACTATTCTAATTTGTTTGTAGCGTTACGCCAGTGTAGCAGTAACAACTAAAC
92,FBgn0023097,TGGCAACGCCGACATGAATTAATTGAATCCAAAATGGCTGAACATTTTTTGTACAGAAGA
93,FBgn0038842,GCTCGGCTCGAAGTTTATACATATAGTCGAATGCCAAGAGGAATATCATCAGTGCAAAGT
94,FBgn0025865,GCATCGTATAGCTACGTAGGTAACATAGCTTACTTTAAATCAAGTCAATCAAAGGGCAAA
95,FBgn0283468,GGGCACCGTCACACTGGCAAGTATATACACTGTCTATAGCTATTGCTATCACGTGTGAGT
96,FBgn0038871,CCCGATGGTCGATAGCTATTTATTAGCGACTTATGATTCGTTAACTCCATTTGTACTTAA
97,FBgn0038872,TACAACGGCGTTTTGCACCACTGGACCGTGCACACTGTTTGACATGTGGCAACACTTTTT
98,FBgn0043012,TTGTCGACAAGGCCTTGTCATCACCATCGGGACCAGGGTCACTATGTGTTAAACGAGTAT
99,FBgn0038881,TGTTAGGGAGCCTCCGCTTAAGCAAATGGCATGGCATAGCTTTTTCAATATAAGAGAGAG
100,FBgn0015229,TGTGACGCGGTATATTCGATATATTGAACGACTTAGGGACCAGAGACGCGCTAAGTCAGA
101,FBgn0264491,ACTGGCATGATCTCACACTTACAACGTTTTGTGCTCTTCGCTTCGCATTCAGTTTCTTTT
102,FBgn0261279,AGCTATTTATCGGATTTAGCTACACTTGAACAGTGAGAGTTGGAAACACTGTTTGCAACA
103,FBgn0028837,GGTCACACCATTCTGCTGTCCCGATAGATAGCGATAAGTAATATCGTACTACTGAGAGAC
104,FBgn0046114,GTGAAGCCACGTTTCACATAAATTCACCGGTTCGCCAGCCACGAGCTCTTGTGTGCGCAA
105,FBgn0039013,AAAAGGTGGCATGCTCTTGCATTCTTTAGCCGCAGCGCACCGAACCTGTCTCTAATAGCT
106,FBgn0266409,TATCGCTATCGAGAAATGCCCAGCCAAAACGATAGTATCGAGACAACATCGATTTAAGTT
107,FBgn0004395,AGCTGAATTCCGGTACCTACGGGCTGCGTGGCTACAAAAAACGTGTAGTGATTGTTGCTA
108,FBgn0051145,GACGGCGCTAAACTCTAAAGACGAAAGTCAAAAGGCAAAAGAGGCAAGTCAGCGATAGCC
109,FBgn0039104,CCGAGACTGAAGCTTACCTCGACGCTACACTTCAAGATACTTTCGGAGTAAGACGATGAC
110,FBgn0015513,GATATTTTCGATTGGGAACAGTACGGTACTTCTGGGCATCGAGCACGCTCATTCACAACA
111,FBgn0260634,TGCAAAATTGAAGGAGATTGCGGAAATTAATGTCTTGTTTAATGGCACTTTAAAATCGTG
112,FBgn0016754,TAACGAGTCCAGCATCGAAACCGTAAAATGTCTGCAGGCGGAAGCCAGTGTAGTGTAAAA
113,FBgn0051141,AATATTTTTAGGCTTTCATTAGAAAACACGTGACAGCAAGGCGGTTCATCAGTTGTTTTA
114,FBgn0015795,ACTCACCCGATTTGTTTATCACCCAGCACGGCGTAGCACAACTGCTCGTCATTACAAACA
115,FBgn0039140,GTTTTGTCGACTATTTAGTCGCTCGCGTCTTGCAACTTTTCTTTCTAATACCCCTTGCTC
116,FBgn0039141,GTTGGTCAGCACTGGCTGGGACTCCAGAGCTTAGCTTCAATTTTCAACGTAGTGAGAGTT
117,FBgn0264325,GCGGTAAAAAGGTGTGAGAAAAAGCCTCCCCCACCGTTGAGACCATCGTCAACGTTTGTC
118,FBgn0039172,CTTGGCCCTTTCAGTAGCTATCATAGCGCAAGTAGGCTAATAGCAGGGTCGAGATTAAAA
119,FBgn0039178,CCAATGGATCGGCGGCATACAAAACGCGGCGATCGGCCTCCCGTGGGCTTAGTTTGTGAG
120,FBgn0259685,ACTGGTCACACTGCACCATATATAAGCCCACGAAACGGATATCGCCGATTCAAACGGTCG
121,FBgn0028471,TGTGGTGATCAATACTTATAGCCTCGTCGACGCTATAAAAAAAAAAAACCCTCCAAAACG
122,FBgn0011785,TACCCATCTTGTGAGCCCCGCCACCAACTATCGATACGCAAAGGCATTTCATTCGGTGGG
123,FBgn0039214,GCTGTTGTAAATCTCGTGTGTCGGACTGTTGGGACGGGGACGGAGAAGCGAGGTTGAGAC
124,FBgn0051125,GCAATAAAGACCAGCTGTGACCGTTGCGGCACCTCGGACGCGGGAAAACAGCTTTGTTGT
125,FBgn0039215,GTCGCTGCATCTCCCACCACTAGGTCGAGTTTTAACCATACGGTCATACTGTATATCGTC
126,FBgn0040600,CTGCCGAGCGAGGCCTGGCCACAAAAACAACACCACAGCTTTTCGAAATTAGTTCTAGTG
127,FBgn0039226,ACGAGGCCACGATGCTGTTGTTTGGCCAAAGGTTTGTATCTCAGTGGGTCAATAAAACAC
128,FBgn0051111,ATGGCATAAAGCTATTGAATGCTTACCGTCGGGACGTCAGGCTATTAGTATTGTTTGGGT
129,FBgn0045761,TTAATTTTTCGAGGTGTCTACACATCTCAGATTATGAGCCGAAAGTAGTCAGATGCGTTC
130,FBgn0027508,GTGTGGCGAACTGAGTTGGACCTTATAAGCTGGTGGGGCGCTTGCCAGTGAGAATGAGCC
131,FBgn0261986,CGATAGCTTGAAAAACACCTGTTTGGCCATCCCTGGTTGGCTGTTGGTGCAATCGATTTT
132,FBgn0015269,GTTATCACTTATAAAAGCGTTTCGGTATTGTGAAAGAAATGGAAGGCGGTACACACACAA
133,FBgn0002609,CCGGGAGAGCGTGGCTGTCATATAAAAGTAGGGCTGGGAACTAGTTTGCCACTCATTTCG
134,FBgn0039419,CGCCTGTGGAGCAGTCGCGTATATTTGGAGGCGTTGGGGCGAACGCTCACGACAGTTGTG
135,FBgn0039431,CTTGCCCGACGAACAGCGGCGGCAAGGTAAGTATTCGTATTCAATTCGTCACGCGGTTTC
136,FBgn0004903,CTCACCCACATAGCTTAGTTACTAAGCGAAGGACTGTCGTGTTAAAAGTGAAGCGAAGTT
137,FBgn0002838,CATACACGAATTGGATATGCGATAGCTGTCAAATTGTAATATAGTTTTTCAGAAGCAAAG
138,FBgn0041224,ATCGGTAAACCGGTTTCACTGATCGAACTCAAGTAGGGGTTAAGTAGGAGTCATGTTACG
139,FBgn0039466,TGCCAGCACTGCTGCGAACCGGAACCACAGTCAGCGAACGGAACCTGAAAAGAACTGAAG
140,FBgn0039492,GGTATGAGAACCGTCATGATTAGCGTCTGGGGCGGCTGACCAGTGTAATTAGCTTTTTTT
141,FBgn0039531,TTATGGGAAATTAACGATAGCTGATGCGGGTACGACGGATACAGGTGACAACAACAAAGC
142,FBgn0086346,ATCACCGATAGCTTTTGCCATAGCTGCCGACCTGTAGCGACCGGTCGACAACATCCCCTT
143,FBgn0045862,CCTGTCGTTACGTTTTCAACAGTGTGGCATCTCTGCGGCGAGAGAAAGGTAACCCTAGAC
144,FBgn0267366,GCCTTGCCTTTTGTGCTGGGAGTTTTGGGAAACTGATAGAGCTACTTTTCATTCCCACAA
145,FBgn0039561,TAAAAGTGGGCTCGGTAAAACCATAAAACGCTGCAAGGGCGACGCCAGTGAGACCCGTGC
146,FBgn0002865,GAAGTGGGCCTGGATTATTGTGCAATGCTGTCGTCCTACTGTTATATCTCATTCAGTTTC
147,FBgn0039581,ATTGCACATCGATATTTCTAACTGTATGTTTTTGACATCCCTAGTTCTGAGTAGAGCTGG
148,FBgn0026400,AATCGCCTTATAAGCTTTCGAAAAACACCATAAAAAGCCGCGTGGGCGTCGTCGGTGTGA
149,FBgn0001215,CTAGGTAGTATCGAATAGGTGCTGGGTTTAATCGGGTTGTAGAAACGGTCACACTGTATT
150,FBgn0015589,AGAGGGTAGGGATCGTCGATAAAGAACAACCAAAAAGCTTAAGAGCTATATTGTCAGTGT
151,FBgn0264324,CAACTGGCCACACTGCAACGTATATAAGCCGACGAATCCCGAATTTTGTTGTTGTTCTTC
152,FBgn0039632,TAGCTAACCAGCTACCCGCTATTCGGGATGCCCGCTTTAAAATGGTTGTGACCAGCTATC
153,FBgn0005596,ACGCTTTCGGTTTTCGTCCCAGCCTAGAAACCACGCCCCACCTCGCCTCTCTTACATCGC
154,FBgn0039642,TCCAACCGTAGGGGGCGCGTCTACAATAGCGAGCGCAAACAGTAGTGATATAAGCACAAA
155,FBgn0014869,CGCGGCCTGACAGCTGCGACCTTGGACGGCTCCCTTGTAGGTCAAACTTCAGCAGAATTC
156,FBgn0015622,GGTCAACAGGAAACGCCGCCGTATGGTTTCGTCCGCTTCTCCTTCGTGTCTTGTGTCATC
157,FBgn0039688,TATTTTTCAACCGCGAGGTGTATTTTTCTGAGCCTGACATTTTAACGGTCAATGCGCGGT
158,FBgn0039738,AGGCTAAGGCGCTCTGTGAGCCTATGTCTATGAGTGCGAGTCTATGAGTCAATGAGTCGA
159,FBgn0039739,TCTTCCCATCTATCCAAAAGATAAAAGTAGCTGACCTTTCCGTCGTCGTGAGTGTCGAAG
160,FBgn0041102,CACAGTCAGAACTTAAATCGTATGCTGGCCTTCCGAAGACTGTTTTAGTCAGATCGACCT
161,FBgn0001281,ACTAAAATAACCTTTACCGTAAATTTTAACTCTTTACGAGACTTTCCGTCAATCAGACAT
162,FBgn0001280,AAATTATCATAGCTATGTATTCCACTTGCTCTTATTTTCATAGACCAGTGTAACGACCTG
163,FBgn0003511,GACAGCACGCAGTCGATACTATCGGCACTATCGGCACAGCTCTGGCGTTCACAACAAAAT
164,FBgn0086355,TTTTGGCCGTTGTAAAAATTTTGGGGTTGTTCGGCAAATATATTAAAGTCTTATTGAAAA
165,FBgn0039756,GGGCGAGAAGACCTACATTTTACAGCTGGCTTAAGTCTCCCGCAGCAATCAGTGAACTCA
166,FBgn0015222,CGCGTAGAGTTTTCTCGCCGGTATAACGTAAACTATTTAAATGAAGAATCATTCACCCCT
167,FBgn0039766,AGCGCACAATAGCTATAGCTTCTCTTGTCGACTAATGTGTAGACAAGACGCTATAAAGTT
168,FBgn0028646,TCAATGACTTTCGCCCTTTTCGAGAGCGAAGATAGTAAGGCTGTCAAGTCTTACCTTTTC
169,FBgn0011739,GGACTACACCAACGGTCTGGTTCATGTCGACGAGGAGGGATCTAGAGACAGATAGCTATA
170,FBgn0002413,GGTCTACCATTAAAAGAAGTAATAGCCGCGCCAGTGTGACGCTTATAGTTCTACCGCATT
171,FBgn0061476,TTAATAACTCCACGTGATTTTTCGCTTCACGACACACTGGCAAATTGGTTAAGAGCGAAG
172,FBgn0039828,GTCACACTGCAACATCGATAGCCGATAGACTTAGGCCAGCAACAATCGATAATTCTTATC
173,FBgn0039829,TTCATCGGGACATTATTAACAATCACTACACTTTATTATCTAGACGAATAGCTATTGTTA
174,FBgn0039831,GCTAAGAGCCCGAGAATGCAGTGCAGCCCTGGTACGTGCAAACTCACCACAGTCACGCAC
175,FBgn0043900,CTCGGCGGCTGCCTTAAGGCCGTAAAGAGAACTGCACGCGTTTGCCAGTGTGACCGCCTG
176,FBgn0003268,CAATCGTCTATCGATATGCGGGTAATGTTATCGGCAAACTCTCAGGCGACGCTTGTTTAT
177,FBgn0039856,TAATCGCACAACGCGGAACATTTGCCAACGCTCCACTCGGTTCTAGAATCACTCTCTATT
178,FBgn0039863,GGGACTGTTGTCATCTGGCAGCACTGTTACTTCGGGAAAAAATAAAATACAACAAAACCA
179,FBgn0003870,ACTACCACTACCAATTCCCATACTCCCATATTCCATGCTATTCCCAGCTCAGTTCGTGCC
180,FBgn0039869,GTTTGGGCTCTGACTCACTGGGCGCTCTGTACAAAAACAACAAAGACTGCACTACATTGC
181,FBgn0261479,ATAGCTAATGAACATCAAAACCATAATGGTTCATGACTCACATACCGGTGTAACGCTGTG
182,FBgn0083976,TAGAGATCGCTATACCTACCACCAACACCCAGCACGAGATATTGTACATATCCATAAACA
183,FBgn0083992,GATTACGGCACTTGGCTAAGCAGTAGCTAATTAGCTATAGAAGAGTAAGAGACCGGGTTT
184,FBgn0053229,GTATTTTTTAGGATTTTTTGTACATACAAAATGGACGACTCATTAAAATTAAGTTAAAAA
185,FBgn0035141,CGTCAAGTCCCAACGGTCCGCCGGATTCACTGATGCGAATTCGACCAGTGAGACTGAGAC
186,FBgn0035146,GGCAAGCAAAGTAGGTGAAAATTCACCGCGTAACCTTAGCAACCGCAGTCATCGAGCGGT
187,FBgn0035153,GCTCGTCTCTTACTTTTGACGCGCTCTATTGCGCCGTCGATAAAAACATACCCAGCAGCA
188,FBgn0000575,AATGCCCGTTCGGGGGGTATAAAAGCGGGCGCTCTGAGCGAGCACCACTCATTCGTTGTC
189,FBgn0035194,TCATAGCTATGGTGTTCAGCTGCTTGTAAAACCGCGCTTAGGTAGTGATCTAGGGGTTTG
190,FBgn0283500,CTTGGTATTTCTTTTGGTATATTTCAAAAAATAACAAAAATTTCATCCTCAGTAGCCATG
191,FBgn0035197,TTCAAAATTCATCCGATTCCAGTAGCCCTCGCAAATCCAGTCGGTTTAGCAGTTCGAACA
192,FBgn0035198,CTTCGAAATGAACAACAACACAAACGTCTCGTAACTCCAGCGAAACATTTAGTAACATCT
193,FBgn0025682,GCACGACCCCCTGCACCCCAGGCACTTCGACGGGGGCGAGCACAATGCCCAGTTTGACCA
194,FBgn0011204,GGGTGGTGATACACGTGGGAGGCTAGTTTAGTTCACTGAAAATTTCAATCAAATTCTTTA
195,FBgn0035228,GCTTGGTCAAGACTTGGCCTAGCGCTGGACTGCTCTTTTTCACATAGTGAAGTAGTGTAT
196,FBgn0035235,ACTAAAAAAAGACGACGTGCTGATGTCCAGTGTGAAAAGCACAGTCGGTACAACAAAAGA
197,FBgn0035243,AAAACGAGTAGAGGTATTGTAGAGGAGGGGGTTGTTTCGCCCGTATAGCTTAAGACCTTA
198,FBgn0035254,AAAGCAACGAAGTGGATGTTATCAGTGAAGTGAAAATCGGCGAAACGGGCACACTAATAG
199,FBgn0250789,CTATCTTTAGCGCTATAACTACAGTTACAAGACGCGGTTAGCCGGCTGTATAACTTTTTT
200,FBgn0011573,GCCGATTGGCGCAGAACATTGACATCAATATCGCGATTTCTATCGATGTCAATCGATTAT
201,FBgn0035390,GTAAACGCAACGTAAAAAGCCGCAAGCGTTGCGCCAGTGGGACGTAAATCACAAAACACT
202,FBgn0266918,ATCATAAAACGGATTATATTCTAAACCAGTGTGGCGTGTTGTGAGAGATCTTTCTGTTGT
203,FBgn0035410,CAGCTATTGACGACAGCTCGGGTAGTCTTAAGTTTAAACTTTCTCTCGTCTTTCGAAAGC
204,FBgn0283724,CCTCCACCGCATTCGATAGTTGGCAGCATTAGCGAAGTGTCATCACCGGCACAAATTATG
205,FBgn0035414,ACGGAGGGTAGCTATAGTGGTCGACTGCGATTGTGAAGGTGGTGATTATTGTATTTTCAA
206,FBgn0035435,CTATACAGCTATCATTGACTATGATAGCTTGCGACTATTGGGTCGTGATTATCTTAACAT
207,FBgn0035436,TGCGCAAAACAGTTACTCGAGCTATCGATACTTGTTCGAGTGGTTGAACCACCACTACCT
208,FBgn0035438,GTGCTTTCACCTACACATATAAATAAGGGTTTTTGCAAGTCGCCGGTTTCAGTTTTATTT
209,FBgn0052262,ACCATGTCATTCACCACCACCAGTCAGCTTTTTTACGGTAGGGGTTAGTCGACGAACAAA
210,FBgn0052263,TTTAGTGTTTTGACTAGGTGTTTGGTCAAGGACGTTACAGTCTAGCTATCTTTTAATTAC
211,FBgn0024179,CCTCTCGCGGTTACCCTCGTATCGACTCGCCTCGTCGTTTGGCGTAAGTAAGGAGCTTTC
212,FBgn0028484,TTGAGAAACATCGGTTATATTTAACATTCATCGCGTTTTGTTCCATCACCACTGCATCAG
213,FBgn0261797,AAAAACGAAAGCTAAAAGTTGACTCACCGTCCCGGCAAATGTAAAACGCTTTTTTTTTTG
214,FBgn0283472,AACGCGGAGCCATTAAAGATCGTTAACCGTCAATCGCGTGCTGACCGGTGTGAGTCGTTT
215,FBgn0035656,ACGAGTAAAAGGCAACATGAAAAAGCTACGTCAGCGGGGCACCTAAAGTAAGGGAGACGC
216,FBgn0002526,TAGTTTAAAAAGCCCCAGAGCTCCTTTTGAAGAGCGACGCCACGGTAGTCAACGAGCTCT
217,FBgn0020251,ACATCGAAATATCGCAGGTTGGACCTCACATCGCCATCTGTTCCATCGCTAGTTCATCTT
218,FBgn0261445,ACAAGCATTTGATTCTCAAGCACACGTACCTAAAAATCGGCGTAACCATCATCAATGACA
219,FBgn0001104,CGTTACGTGATTGCGGTCACTCGTTCGCTAGACACTTGAAGCCGTTTGTCAGTGTGGTTA
220,FBgn0023001,CACACCGACCACCACACCAGTCTCGGCCATTCCGAAAAATAACTCAGTTCAGTCTTCATT
221,FBgn0035754,TCGCGAGGCCTTATGATATGCCATATAAAGTCGTTAGCTTCTTGCCGGTGTAACGCCACA
222,FBgn0035771,CCGCCTATCGATAGCCGTGCAATCGAACCGGCTCCGCTCCAGCTACGCCTATCGGTTCCA
223,FBgn0052380,ACTGAGGCGAGACGAGAGAGCGAACGAGAGACTTGCCTTGTTGACTCATCAGACTTAAAT
224,FBgn0014011,CACTTTTTTGTTCATGTTGTTGACGGTCGCCTCCGTCTTTAAAAGAAGTTAGCGGCGCTT
225,FBgn0035824,GCACACAACCATTACGTCAATATGGCAAACAATCTGTCAAACGCGCAATTACAACAAACA
226,FBgn0011817,ATGTTTCTATCGGTGGCCGACCACCTCTAGCAACGCCGAACATATGTTTCAAGTCTCTCT
227,FBgn0262716,CCGGTTAGCTAACAACGTCGGGACCGTCGACGAGCATGCACTTGTGCGCTTACACACACA
228,FBgn0035850,GATTAGCACTCCCTGGTTCGCTCTGCTCTGTTGCTGTCCCACTTGCCTTTGTGTGGGTGC
229,FBgn0017430,GCGATAGTTGACAATGTCAGTGTGATTCGGTTAAGCTATCTAAAGCTATCATTTTTATTT
230,FBgn0017579,TTTAGCAACACTAACGCCATGCTACCACCGAGCTGTCAAAAAAGTTCTTTCCTTCTCTTT
231,FBgn0035915,GACTTTCGTATCCATTTGCTACCTAACCCCTAGGCAGCTCCCTAGAATTCAGTATCCGTG
232,FBgn0011509,GTGACGAGCATTTGTATCACAACGCGACACGAGTGAGATCTACTCACGCACAGTAAAAGG
233,FBgn0052022,GACCGGTTAAGGTTCGACTACTGAAAGACTACGAGCAATAGGTCGTGACCATATAATAAA
234,FBgn0035953,GCCAACAAAAATGATCTCCGCGCTTTGGCCTATTTCTGTGGTTATTTGACAGTAAGCGGA
235,FBgn0001223,CTTTAATCTTGAACCTCATAAATGGATCATCTGCGCCCAGCTGGCAAGTCAGTTGTTATT
236,FBgn0015296,ACTTCCAGCGCTGCAGTGCGGCCACACTTTCGCGAATACGGTCCCACCTTGAGTAATATC
237,FBgn0036000,GCACCGATATTTATTTATTTTCGTCGATTTAGCGGTAGTGATTATCAATAGCAATAGCCC
238,FBgn0036028,TTGCACTATCGGCGCTCAGCTGTTTTGCCCCGGCAATGACGTCACGCGTGAACACTCAAT
239,FBgn0036059,GCCACATCGTTGTACTTGGTAAAGAACCAGAAACAGATCAGCGAAAAATTGTTCATTTTT
240,FBgn0045770,ATTATAGAAATCTCAACATCACCGACATGACACTCAACCGATCGAAGTTCACTTAAAAAC
241,FBgn0010762,ATCGATGCGCGTGCCATCGCTAGGAAGGAAAACAAAACAAACACTTTTTTACTTTTTCAT
242,FBgn0036121,AAACTTTAAGCTTATCAGTCAGGTGGTATATATGTGTGTTATTAGCGGTCAGCTGCAGCC
243,FBgn0263241,TGGCGAAAGCTGCGCTGGCAGCTCGTCCATATGATCGTCACTCTCAATTTAGTTTATAAA
244,FBgn0036135,TCAGGCATGGCCCGTTCGTGGTCTGGCAACGCCGCGTAACAGCTGTTTTCAGCCGCATTT
245,FBgn0036155,GACACGGAAAAGTAAAAGTTAAGCGTATAAAAACGTTTGAGATGAAAGTCAATAAGCGGC
246,FBgn0261353,AATTTTGTCAGTGTGACCGCTTGTTCTATCTGACGGTCAGCTGCGGCCACACTATTACCG
247,FBgn0036205,GATAAGCGGCGACTACGCTGCCAAAAGCTGTTGCGCCAACGTCAGCGCTCAATCAGTCGA
248,FBgn0013997,CGACAAGCACCCAGTTGGTGACTCCCTCGGTATCTTGCCACGTTTGAGTCACGGTCACAC
249,FBgn0002466,TTGAGACCTTTCACTCGTGCGTAGGGACCGAGAAGCCGAAGGGAGCCGCGTAAAAAAAGT
250,FBgn0260945,ACCGCCAAGCGGTGGACGCCGGTGTGACCGGTTGGGTGGTGAAGCGAATCAACACAAAAG
251,FBgn0023095,GAGAATCGAGGTTTTGAAGTTCGTGGCGTACACAGATACAATACAGCGTTAGTTCGAAAA
252,FBgn0036372,ACCGTTGTAACTTTCATAGCTAATCTGTAGCGGACAACAGGGTCGAGATCAAACAACAAC
253,FBgn0036398,GCTAATAGTATAGGATCCCTGGTCGAGCGATAACGATCTATCGCTCCGCTGTAGTGTGAC
254,FBgn0036423,GGTGTTTTATATTCTCCGCCCGTTAAAGATTCAAATGTCCAATTCGAATCAGTCTAGTGC
255,FBgn0036449,GGCGCGGCGTTACTTACATATTTTCCCCCGACGGTAGGCGTCTCGCTCATTTATTGCCAA
256,FBgn0004396,CTGACGTTTCGATTCGTTCGTTCGCATTCACAAGAATTTCACCGACATTTAGTTTAGTAC
257,FBgn0267390,GCCACCACTGCCGTGATTCGATAACTTGAGCAGCATCAGGGGTCATCGCTAGTAATGTGA
258,FBgn0036518,CGCAGCGAAGCGCTGAGCCTCAGGCATTCTGCAGCTACCGCTTGATGTCCACACTCCGTT
259,FBgn0036643,ATGAGCGCGAATGAATAAAACGATGGTCGGTAGTCGACAACGAGCCGATAACAAAAACAA
260,FBgn0002283,AAATAATCGCGACTAGTAGCAGGTACGCAACTATCGCCCATCGCTAGCTCACACGTACAC
261,FBgn0010352,TTTTCACTTGTCCCACATTCGAGGTCCGCTTTTGCATCATGTGGAATTCCAGGAATTACC
262,FBgn0036742,GAGCTATGGGCAGCAGCCGACGAGTGCTCTGCTCGGCACGGTCGGCAGTCATTCTAAATC
263,FBgn0052179,TAGGGATGTTAGCTATGCCTGACGGGTCGTCGACCGGTGGTGATCGAGTCTTTAGCTTCT
264,FBgn0003997,GCAGCGCCATCTCCGAGACAACGGCATCAAACTCCGGGGTCACGCTTGTCAAGTAAAAAT
265,FBgn0013717,ACCAGTGTGACTGTCGACAGAAGATGGTTGTGTATACGCGCGCACACATACACAAACGCA
266,FBgn0259791,CGAATTGCCAACGATTCGATAACTCCGCTGCATCGCTATACAACACTGCTGCATTTGAAA
267,FBgn0014037,AAAACCTCGATCAGCTCTTACGGGTCTGCCGGAGTAGACGGTGGTAAATGTAAGTAACAA
268,FBgn0036973,ATAACGGCAAGCCACACTCACAGTCAACGGTAAAATTTTCTTCTTCTATCATTTGTTTTT
269,FBgn0028978,AAAGCGGCAAGAGAAGCGAAGCACGAAGAAGGCTGGCGCACCTACCAGTGTAAACTTTAA
270,FBgn0037019,AACACAACGTACTTTCGTGATTGCGGAACAAGTTTTGCGGTCTTGTGGTGTTGACGTGGC
271,FBgn0037021,GCCTTTCTCGTCCGTTAGCTATGGCACGACGGATAGCGTCGTTACGGTAGAGCTAAGCTG
272,FBgn0011591,ATGCTAAAAGCGACCTTCTTCTCTTCTCATCTAGCGCGATGGTGTTAGTCAACGAAAAGT
273,FBgn0037121,GACCACTTTGCTCACTGAAATCGCAGACGTGTGGCAACACTCAAGCCGCCAGAAAGATCT
274,FBgn0037138,CACGCACACACTCGTACCCTTTCCCTTGCACCAATAGCTATTATTTCATTTGACTTTTAT
275,FBgn0037153,TTGACTCTCCGCCGAGGTGACGTATTTTATTTTACAGTCGAACGCGAACCAGTTACTTCC
276,FBgn0004449,GAGAGAGAGAGAGAGGGTGTCTGAGCCAAGCAGCAAGCAAAACTCGAGTAAGCAGAAAAC
277,FBgn0052450,TAATTGAGTTGCCCTTGATGGATCAGTCATTTTTAGAGTGCTGCTTGTCCAGTACCAAGT
278,FBgn0037188,CATATCCAGTATTGTTAATAGCCCCGCGGCCAGTGCTTGTAAACGCGGTCAGTCCAGCCA
279,FBgn0053169,TGCCTGCTTTTAGCCAGCCCAGTCGAACGTTTCTTCTTCTTCTTTGGCCCAGAAACAACT
280,FBgn0037200,GAGTTGCCAACGATTTGGATTAATCGATTCATCATTGTCGCACAATGCTCACTCGATAAA
281,FBgn0267398,GCTTATTCCCTAAAATACAACGAATTCTAGCCCAGTATAAAAAACCAATACTCCTTGTCT
282,FBgn0027507,TTATTGCAATAAATTATGTGCCCGAAATAAGAAATAAATTTAAGCGCTTCGTAGTAGATA
283,FBgn0033060,ACTGGGCAGCACATGTGCTCAGCTGTTCGTGTGTGTTCACCAACACTGTCATGTGAATTT
284,FBgn0262736,GGCACTGATTGCAAATATTTTCGTTTCGTATTATTGAGCAACCACAAGTCATAGGCTAGG
285,FBgn0266518,GCCGTGGAAACCGGTCAACCATATAACATTGCCAAGCAGACGCCAGTGTGACAAAGACTA
286,FBgn0284249,ATCGATGCGCTGATGACCCCTTCATCGGCGTTTTCCCACCCCTAATTGGCAGAGACGCGA
287,FBgn0033086,TGACGACACATTTTGTGCGATACTTCAGATACGGGCTGATATCTACCTACATACCTATTC
288,FBgn0259977,TCTGGCTAGCCACGGTATATTTTTGCTAAGGCCGCGTCACCCGTTCTGTAAGCGCAGTTC
289,FBgn0028579,CACTGCCTATCGATAATATCTAGCTGAGCAAGATGTACGGATTTGTGAGCACACACTTTA
290,FBgn0033100,TGCTGGAACGTTGTGGTAGTGGTGGCTACTGTTGTATAGCTATGAAAGCTGTGACGTTAG
291,FBgn0033101,CGAGCCGGCGGCACTGTTTTAGTAGCTTTGGCCGACACGCTCGGTTGTCAACAGGCGCTT
292,FBgn0022224,AGTTTGGTGAGCCATAAGCCATTTCCCATAAACTGTTGGGATTCGTTATTATGGTGTTGT
293,FBgn0265003,TCGTTAGTTTTTGGCGCCTATTTCGAGAGCGCCTGGTCGGTCTGATGATCAGTCTTCAAG
294,FBgn0029508,GCAACAGGTTGAGGCTGCTTGGCGCAGCTTTTGACCGATCAGTTTAGTTCAGTTAGCATT
295,FBgn0050159,CACTAGTTGTCCTGCTCGCACTCCAGTGAGGCAAATGTCAAAGTCTGGTCAGTAGCAAAA
296,FBgn0029507,GCTATCCTTTACGCGAGTATTTTTATAACAATATATAGTCTGAAAAAGTCATAGTTCGCC
297,FBgn0029506,AGTGCAAAAAAGGACGAGGAGAAGGAGAAGGCAGGAAAACAAAAGACTGCGTAGTACGTG
298,FBgn0033127,CGAAAGCTTCGGAGAAGAGATAGAGATAGCCGGCAGTAGAAGCGCCGTTCAGTGAATTTC
299,FBgn0033134,AGCGAGAGAGTTTTCGGGGAGCTCAGTTTGCTCGTGACCGTGGCCGCACCAGTGCGCACT
300,FBgn0033153,CAGGCGGCGGAGAGCGCGGCTATAAAAGCGTTCGCTCGCCAACCGAAAGCATTCATTGTG
301,FBgn0003460,TTGTCTCGGCCGTTTTCGGTTCGATTAGGTTTGAGAACCGGAGAGTTCTCAGTTGTTTTC
302,FBgn0004132,AAGAGGTGGACCCCTGCGAGTTAGTCGACAAGCCAGCGCAAGGGCCCGCTTACCGTTTGA
303,FBgn0033194,GATTGAGCGTCCCCAGGTGGAGAACGCAAACGGAAAACACAACAGCTGTTAGTTTCGGGC
304,FBgn0003317,TGGTCACACTGCCCGCTAGAAGTATATCGATAGGTTCCGATAGGCTCGGACAAATAACAT
305,FBgn0033244,ACGTCAGATAGCCACTGACGTAAGAACTTTATAGCTATGTTTTTACTGTCAGCCACGCGA
306,FBgn0040778,ATAGCTATGGTTTACTTTTCAACAACCGTAAACGTGTGGAGATAGTAGTTGTTTTGTATG
307,FBgn0021814,ACCGAACTACCAAAATACCCATACACGCGGCATCACTCGTTGCCGGTGTGACAGTTTAGG
308,FBgn0033274,GAATTATTTTTTTCGAGACAATCTGTCTCTTGCGTGAAAAGCAAAAAATCAGTGTTTAGC
309,FBgn0053087,AAAATACTGTTCAATAGCTGCGCGTAGTATTTAACCGGTTGGAGCGCTTCAATCGGTAAA
310,FBgn0033285,GGGACGTAAAAGTAAAGGGGTGATCAAAAAGGGTTATGAAAGTAAAAGTAAGAACCGAAA
311,FBgn0033286,TCATACGACACTTACGGGTGAGGCTCGACTCCTACAGCCCAAAATCAATCAGATGTGAGT
312,FBgn0033304,AAGCGAAAGCTTTTCAGACGGCAAATCAAATGTACCCCACTTTTCCACTCAGTTGTTATT
313,FBgn0267792,CCACTGCCTCGGCCACACTGCAGTTCGGATTTGCCGGTTGTTTGGATCGCAGATTGAATC
314,FBgn0003892,TTGTTGGCCTGGCTGGCGTGCCGCATCCACGAGATACAGATACATCTCTCAGACTGCGTG
315,FBgn0040777,TGTAGGCACCCTCCTTATTTTGTGGGTGTTAACGACTAATAAAAGACGTGAGCAATAGCA
316,FBgn0027513,TCACATCCCATGTGAGCTATTTCATAGCTATTCAACCGCAAAATGCAGTCGGGATCAAGG
317,FBgn0033340,TCGATACTTTATCGAGTGTACCCTACACTTAGCCAAGTTTCCAAGTGCACGAGTCACCCA
318,FBgn0003074,CTCTATTTTAATACGGCAATCGCCGCCAATTCAGCAAAACTTTTAAAGTCAAATACAGGA
319,FBgn0002552,AACGCCAAATACCAAGATCCGTTTGGCAACGCTGCGCAAGTAGGGTTACCAGGTAGCTGA
320,FBgn0053199,ATGATAGCGTCGGTGAGCTTCAGGGTAGAGATTAGAGCTCAGGGAAAGCGTGAACGGGCG
321,FBgn0033357,AAAAAGTTTCTGTCAGCTGTTTTATATCGAAAAAAGTGCTGTTTTCCAACACTTCGTTTG
322,FBgn0011300,GGTGTTTTTCATGGGCAGTCCAGCCTGGGCACACTACTGCAGGTGCGGTCACACTGTTTG
323,FBgn0003612,ATTTTCGGGCTGCGTGAGACAAGACTCGGCCAGGCGGTAGAGATTTCCGCAGTGTCGATC
324,FBgn0086656,TGTGTTTCCGCTATTGCTATCCCCTGCCGTTAGCCATAGCCCACTGCGTATGCTTGTTGT
325,FBgn0004360,CCAAGTGAGTGAGGTCGTGTGTTGATAGTTTTCGAGTTTTGAGTCCGCTCAGTTCTTATA
326,FBgn0050000,CAGTGTTGAAAAGCGACCAGTTTGAACTTTGGACCGGAATAAAGCTTTTTGCTTTGAGCT
327,FBgn0033482,GTAATTGCTTGCCGGTGTGACAACGGGCATAAACATTCCACGTCGGGACCAGTGAGACCC
328,FBgn0265512,TAGTATATATAAAGTTATTAGTGTAACTATATACAAACGACCGACAAAGTTGGGATCATT
329,FBgn0262807,TTCTCGAGGAAACGTAAACACCATCCGAAAAAGTTTGGTGAGTTAAAATCAAATAAAATC
330,FBgn0262790,TTTTGCAATACATTTTACGTAAAAAGATTTTAATTTTAGTTTGAGGAATCAGAGATAAAG
331,FBgn0033528,CTATTGTTACACTGTATAGCTATCGTAACGATCTGAATAACGAACCGATATGAGGGTAGG
332,FBgn0033529,GCTTGCCCAAACCAGTGTTGGTGAACGCCCTTCTTGTCATCTGTAGTTTCATTAAAATTG
333,FBgn0033609,AACATAGTGGACCAGGGTGACCGCTAACAACACTACATAGCTATGTTGTTGTTGTAGGGG
334,FBgn0082585,CTCTCGCCGAAGTACATTACGGGCAAACGGCGATTTCAGTGCTACAAGTCTGAAGTAGGT
335,FBgn0085257,AACTGGTTCCCCACATATTTTCACTAGTCTGGCAGCTCCATCAGCTGTTCACAAGATTTT
336,FBgn0013756,ACTCGAATCGATAGTACCGAAAAATATCGATATTGTTCCATCTCCACTGCATTGACGTTC
337,FBgn0033715,GCAGCACTATTTGGTTGCTATCGTTTAATCGGTCTATCGATATGAATAATAAGCCCAAGC
338,FBgn0027356,CACAGTCACACTGCATGCTCTGCCGCAGCTGAAGTCGCGTTCTCTCGTTTATCACCGTCG
339,FBgn0033781,CAATTTTCGATTATTTTGAAAAGCTATCTATGGTCGTTTCGTTATCTGGCAACACCGCTC
340,FBgn0033794,CGTTTAAATTTTAGTTTTGTTTTCGGATTACATTATGGTTTTAGTATATCAATTTTATTT
341,FBgn0259876,CATACGCATCATTTGAATTTAACAAGCGAACGGGGGTGGAATGAGGAAATAGCAATAACG
342,FBgn0050065,CGAAAAACGAAAACTATCGTAGTAGCATTGAAACATATAGTGTCAAATTTAGTTCTTATC
343,FBgn0086757,CAAAGTCGATTCTTATCGATGGTAAACAACATCGACGGTTTACGAAAATTAGCATTCGCC
344,FBgn0261975,ACCACCACCACCACCAAAAGCGAAGCAGCCAGCTCTGTCGTATTTTTGTTATTCCCGAAC
345,FBgn0033907,TATCACACTGGGTTAGCGAACCATAACAATTTAAAAGGGAGTTGCCAGTACGAAACGTAT
346,FBgn0000289,CGACAACCCTGGCCTGCGCACACACAAGATGGCGTCAGAGAACGAGAAGCACGAACACTA
347,FBgn0050069,TCAGCCGGCAGCGCACAGATAGTCGGTCGAAAGCAGCTCCAGACGCGATCAGTACGTTTT
348,FBgn0001220,TAAAATAGGCTTGATTAGAAACTTATATTTTAAAACGACAAAGAAAAGTGAAATGTAGAT
349,FBgn0033929,AAAAACATCGAAAATTATGGGCACGGTACATCGATTCTCGATACATCGATGTATTCTTAC
350,FBgn0024698,TTGCCGCTTGTTCAAAAGTGTAGGTTACTCGCTATTGAAACGTGGGTGTTAGCTATCAAG
351,FBgn0010397,CTGCTGATTAAAACAGCTACTATCGGCAAGCAAAGCTCAGTTTCAAAGTCAGTTAAAAAT
352,FBgn0034009,ACCATAAAATTACATCGGGACCACTTGAATGTTTCGGGATCCCGCCGGTGTGACTTTGGC
353,FBgn0013750,CGTGTTTGTGACGTAGGCAAGCAGCAGCGAGAGAGCGAGCGAAATTCCGTAGAATCCGAA
354,FBgn0034027,AACCACGACCCATCACGCGAATCTATGTCATGACGTTTTATGCGTCGGTGTCGACTAAAA
355,FBgn0260429,CGAACGGTCGGCCATAGCTTTGCTCGCTCGCTGGCTGCGAAACTCCATTCATTCGTGCTG
356,FBgn0262512,TGGCGTTGACACAGTACACTATCTCTGGTCGACTGGGCATGTAAAAGGTCTCAATCCAAA
357,FBgn0034049,TACAAAACTGCCGAGATGAGTTTTCATGGTTTTATAACCATAGGTTCGTTAGCAAAAGTC
358,FBgn0015247,TAGCTACGAATAAAAATGTAGCGATGTTATTCAAATATAAAAATGGAATGGAATAAAAGT
359,FBgn0010590,CGTAAAGTAAAGTGTAGCGGTAGACCATTGTGAATAGGTTTTGTTCGGTCAGTAAAGCAC
360,FBgn0034065,CAGTAAAGTAAAAACGAAGTGCCAGCAGCCCTGCTTTGCGGTATATCGATAGTATCGATG
361,FBgn0034073,GCGCAATAAGGGTACTGGCTGGTGCTGACCATTGTGGCGTGTATACAATAAGAACGAGAA
362,FBgn0086676,TCGCCAATTGGATTCTGGTATATATTCGCGGTCGCCGGACGGTCACACTTATTGCACTTA
363,FBgn0034083,TAGCACGTTTCTACCGCACCTACGTATATCTCGACTCTCCAATCACGGTCACTCTGCGTT
364,FBgn0262166,TAAGCGGCGCGTTACCTAATAATAGCAATAACTTTAAATGCACTAGGACACTTACCGATT
365,FBgn0265177,GGCGAATGGCATGCAATTTTAACGATCTGGCAGCGCTTGTATGAGTTTACAGTCAGCTGT
366,FBgn0265178,TTAGCCATCTTATTTGGGCCCCGTAACGTTGCGGCCCCCCGTAAACACCGGATTCGTTGT
367,FBgn0259795,ACTGACGTGCTGTCAATTCGAGTCACTAGCTCCGGTCCCAGGAAAAGTTCAGTTTACTTT
368,FBgn0026533,GGCGAAGAAGACACGCATACACAAACTCGCAATCGCCGAAGACCTAACTCACACTCAAAT
369,FBgn0023172,ACTAAAGCCCTTTTCAACACTGGCAGATATGCGCTCTTTCTCGTCATTTCATTCCAATTT
370,FBgn0034206,GAGCTATGGTATGTGGATTGACAGTTTTTTGACGAAAATATATTCTAATAACACTAATTA
371,FBgn0010620,GGGGCTTACTTCGGCTCTCACCTGCCGCGGACGCTTCAGCAACCGAAATCAGTTACGATT
372,FBgn0286070,TATCATAAATTGCTCGTGGCTCATAACAAGCTCGAGATTTTCTACCAGTGAGGCCTGGTC
373,FBgn0250868,ATACCACTACAGTGTGACCGTAGGATAGCGTAAAACTTTAAAAGCAAGGTGTGACAACAC
374,FBgn0026316,AACGCTCGTTCAGACGTTTTATGGGATTGCGATTAACCTTCTAAGAAGTTGCTTGGTAAA
375,FBgn0034282,CGCTCGCGCGCACACAACGAGACACACGCACACACACAACCGCTCACGCTCAGAAAACGG
376,FBgn0034354,GAGCTTCGACAACGTCAACAATCAACTTGTTTGTCTCTCTTTAATATTTCAGTTGCTTTT
377,FBgn0050122,GTTCGTGCCATCGAGATGCAAAAGCAAAAGGGTTAGCGTCGGTTGAAGTGAAGTTGCGCA
378,FBgn0261439,GCAAGTAACTCGCTCAGTCACTTGGCTTGACGTCACGGCTGCTCGCCGTCAAGTGTGTGT
379,FBgn0012051,CAAAACATTCGATAGCAGTCAGGTGTTGAGCTACAGATATAAATATTTGTAGTGAGTAAA
380,FBgn0034494,CGTAATTAGGCGTGTGGGACGTTCCCGTGTGAGTGGCGAGTCGACTAGTCAATAAATTGC
381,FBgn0034495,ACGAAAGCAACATTGCTGTGCTTTGGTCCCACTACTTTTTCCCGCTCATTGTTTTGGTTA
382,FBgn0034523,AGATATTAAAGATAGCCGGACCACAAAACGTCTTTGAACGTTGACCAGTGTGGTTACACC
383,FBgn0011674,TGGGGCCCTTAATCTTCAGACTCAGCTTCAGCGGTTGACATCGGCGAGTAAGCTAAGGGT
384,FBgn0016984,ATGGCGCGTCGTGTTTTAATTGATTGCGGTCGCGTTCGCTATTTGCTATTGTGCGCATTT
385,FBgn0003391,TCCTTAGCTGCCACAGAGTGTAGAGATTGCGGCGGGCAACAAAAACAACGTAACACAAAA
386,FBgn0034577,ATACGGTGAATCGCATCCGGTACAGGTACACAAATATTTCCCATCCCTAGCAAAGAGTGG
387,FBgn0034583,CCAAAAAATCGTAACGAATGGAGCGGCCGTAAACCCGAGGTAACCCCGTCAAACTTAGTC
388,FBgn0050389,AGCTATAGTCGCTTAATGTCGATCGTAGCTATCGTAGAGTAGTCGTAGCTGAAACCGGGT
389,FBgn0034606,ATCTGACCGTCAAATAACGCGACTCGCACCGGGTTTGCGCTCCGCTAGTCAACGAGTTGC
390,FBgn0050394,TACTGAAAGCGCCAAGTGGTTTAGGTTTATTGCGTTCGACCAGTGCGACAGTTTGTAGCC
391,FBgn0020306,AAATGGTCACACCGATTTTTGGCATTTCAATGCAATCCAACAGTCGCACTAATTTTGTAC
392,FBgn0000395,TGCTCGCAAAAGAGTCACAAGAGTCGCAAAAAAGGCGAACGTCACGAGTCAAGTTGAAAT
393,FBgn0016641,CGCCGGACCGTCGTGCCATTCGTTACTTCCGTAACGGCCTAGCTAATGTATGCGCCAGAC
394,FBgn0034643,CATCTCACTCACACTCGCACACAGAGAAAGACAGATAGAGGCAGAAGTTCAGTTCATCAA
395,FBgn0027360,GTGCACGGTCACTATTTTTTAGGGCGTGTGGAAGGTTGCCTTGCGCAATCACACAGCAAA
396,FBgn0034706,ACCTGAAATCGAAATCGCTTGGAGAACGTTTCCCCAAACCGAGTAAGATCAGTTGAAGGT
397,FBgn0025186,TGCTTCGTGGTCGCACTGAAAGAAGAAGAGTAATAAAACATCGAACTATCGAAGAACGAT
398,FBgn0034722,CATATCGATAGCACGTAGCGAGGACAGACAAAATCCCGATAGGCCATATCACACTCGTTG
399,FBgn0022986,ATGCGATAGCTTAGCCACTACGGCTAAATGGATAGCTACAGGATGGTGTATGTATAAAAA
400,FBgn0034733,ACATTATCAGCACCTGTATATATACGGCCTGTAACACTCTGTGTCCGCTCAGTCTTAATG
401,FBgn0034737,TCTATAATAATCTATTGTTCGAATTAAGCGTCGAAGTAAAGTTTTCAAATAGTATACTTT
402,FBgn0034739,GCGTTTAACGCGCACAAACATAATGGGCAACCGACATTTAAACAATCACTATAGCACTGA
403,FBgn0034759,AGATAACGATTGCGATAGAGCAATGTTGTCATTAAATGGCGGGCTATTTCAGTGCATGCC
404,FBgn0260767,TAATGAAACTGTCATCGATATACATATACGGAAGCTTTCAGTATTATATCAGTGCTCGTT
405,FBgn0034786,GCGATAATAGTTGACAACTAACGTTGTTTCTCTACACTTTTTCGGGCGTCTTGTAAGGTT
406,FBgn0010078,ATTTTGAGGTATATTTCTACGATAGATCGGCGGTCACATCGTATTTCCCTCCTTTTCGTT
407,FBgn0003062,GAAGACATATAATAGTGATTTTAGTGACGACGCCGGTGTGAGGCCGTGTGTGCACAAAAA
408,FBgn0050410,TAGCGCTTCACCAAAAATCCCGCACCGGCGGCTTGATCTCTGTGACATTGAAGTTGCGAT
409,FBgn0034849,TTACAAACCATAAAGCTCGGTGTGTGGTGTGCGGTGAGATTAGCCTAACAAAACAAAACA
410,FBgn0034850,AAACCGAATATCTTAGAAAGCAACCGTTTCAAATTTCATCTGAAGCAAACAGTCTAGATT
411,FBgn0040660,CGAGACGGCGCTTCCATAATAAATTCCCACGCGGATGCCAGTGAGACGTCTTTTGAAAAC
412,FBgn0050414,AGTTGTATTTTAAGGAGTTTTTAATGGAGTTTGAGCTGATTCGAACGGTCAGCGAGGTAA
413,FBgn0034877,ACGAGTCACGACATTATGGATGTAGCCCATCCCTATTTACTTGTCAAAACAGCAAATTTT
414,FBgn0067903,CCCGTATGCTCACGTCGCATATTTTTGTTCGATAACGGCCTCCAGCCGTAAGTCTAAGTG
415,FBgn0260455,ACGGTCAAACTTCATAGAAGTTGTGAAACGTTAATGAAAGTTTGAAAATCTCTATTAGTT
416,FBgn0011236,ATCGACCGAGCAGCGCGCCGCAGCGATCGTAATTTCTTTCCCGATCCCGCACAGTCAAAA
417,FBgn0034933,GTGCGGTAGAGATCCTCGATAGCTATACAGACACATAGCCTAAGGAAGTGGTTAGGTCTA
418,FBgn0061198,GGTTTAAAAACTGTTATTAACAAGGCCGGGTTGGGTAGAGAGTAGAGATCTATTTGTGTT
419,FBgn0034961,ATGAGCCGAGCGAAACGATAGCTATTGATGCCACTCACGCACACGCACACATAGATAAAC
420,FBgn0011726,CGTTGGGATTGGACACGCTTTATTGGCTGGTTTAACTAAGCAGGCCAACAAGCACTTTCT
421,FBgn0034965,CAACAAGCCGCGAATTCGAAAAAATAGCAAAGCTATAGCCATAGTCGACAACACAAAAAG
422,FBgn0034970,GATCATAGCCTTACCTGTTCACCTGCCCCTATCGGTAGACCGTTGTGACCCTATTTAAAT
423,FBgn0034976,GCACGTCAGACTGGCAAGTCGACCCGTTTTGAAACAAGTATAGATACATCTCATTACATA
424,FBgn0050418,TTCCTGCTCTCGACGCTCGGGCTTTTTGGCTTTCTTTGCGCACGACTCTCGGGCATTTTG
425,FBgn0050161,CGACTAAATCTAGGTCCCGACGACTCTGCATCGACAGTTATTGTTAAATATAGCTATCAC
426,FBgn0261373,ACTGTTGGTAGCCCATCACGGCGACTAACGTCGTGTCGACTAGTGCAACGGTCTAACAAA
427,FBgn0035047,TGCGTCAGACTCGAATAATGATTAGAAGCCGACTCCTTCCGGAAACATTCATTAGGTAAA
428,FBgn0040666,GGTGGTTTTCGTCCTTGGTCAAGCACTGCATTAGACTTCGTCGACAAGTCAACAGGTCCT
429,FBgn0035059,TGCCAGTACGTCTGCAGCCCTGGTATTTCGTTTAACATAAGCATACGGTCACACTTAGAG
430,FBgn0015801,GTTTCGGCTAGAGTCTCGAATTTATGCACACCTCGCGGTCGCGACAGGCTTCTGCTGAGT
431,FBgn0000157,CAGCGCAGCGAGTCGAAGTCTCGCGCAACCGCGCCGCGAAAACCTCACCTAGTCGTATAC
432,FBgn0035073,AAGCTATAGCTATAGATTTGGTGATAAGGTATTCGTCATTAAGAGAGGTGACCGCATAGT
433,FBgn0066084,GTTTATCGGTGCGCTCGGATCGTGCGGCTGAAGGCAAAATATAAGCAAGAAAGCAAGAGT
434,FBgn0035082,GAACTTTGACTATTCGGACCGCCGCCCTTCGCGTTACCGACTTTTCGACTCTTACCGCCG
435,FBgn0004055,TTTGTTTTTGGTGTTTTGCGGGGTCTCGCGTGCTGTCCTCTCTTCGAATCAGTTCTTGGT
436,FBgn0020381,TAGCTATAGCTAGCCACCTTCGAGAAGTCCGGTGCCGATAGCCTACAGTCGCTCACGTTA
437,FBgn0021764,CGAGAAAGAAGAAGCAGCGCAGCGCAGCAGCGACTGTGACGGGGCAGCGCAGTTCGTTTT
438,FBgn0028550,CAAGGCGGCCAGGCAGCCCGGCAGTTTTGCCGCGCAGCCAGCCAACCGTCACGAAGCGCA
439,FBgn0025381,TGCGTTCCCACCGCCACGGGGAGTTTTCCAACACCAGCGCGCCGGCATTTAGCTGCGATC
440,FBgn0026088,AATATAGCATAAACTTGACTCTGGATAGCAAGAGAAGATTGGTGGAGATAGCAAATATCG
441,FBgn0023526,CGCCGTCGCCGACGCTCGCTTGCAGAAAGTAAATCGCAAACGCAAAAATAAAGCAAAGCT
442,FBgn0015286,CTCGCCAGTGTAACCACGTGGAGACACCATAAAAAGGTGAAAGTGTGATCAAAGAAAGTT
443,FBgn0028982,GTATTTAGCTAGTATTTTAATACCAACTTTTGTGCAATGCGATGAGAAATAAAGAAGAAG
444,FBgn0024250,GGCGAGGCAGTCTAGAACGTATCTTCGAACTAGAACGCCGAGGGCAGAACAATTGTGTTT
445,FBgn0020653,GATCTTTGCTGTTGCCGCCGCAGCTGCTGCTCCTGTTGCCGCCGGTTGGCAACGCGGTCG
446,FBgn0030141,TAGCAAAGCAAAGCTCGCCAAACTATCGATAGTGTCGACGGAAGAACAACAACAATATGT
447,FBgn0003204,AGATGTTGAAGAGGAAGAGAGTCCGCTAATCGATTTTTGGTCTATCAGTCAGTTAGTTTG
448,FBgn0030228,CGCCGCAATAGAAGAATCCCTATTGTGCCATCGATATTATCGATATCACTAACTGTCATC
449,FBgn0030266,ATGTGTGACCGTTTTGGGCTGGTAAAACTGCGCTAAAGCTAAAGGGTATTCTTTTTTTTT
450,FBgn0030292,ACGTTGCCTTGCCATATTCCTCGCCAATAAGCGCACTTTCCGCGTTACCCAACACGTCCA
451,FBgn0030293,CGACGGACGCTATACAACACCGTATTACAGCAATCCTCCCCTCTCTTTCCAGTTCCATTT
452,FBgn0001218,CAAGAGAGCGTCTCCCTCTCGCTCTCGGTTTTTCTTGTGACCGGTAAATACAAACGCACA
453,FBgn0030581,TTTTCGAGGCCTCGCACAACAGTATTAACACAGACGTTTTCGAGCGAACTAAGGTAAGGT
454,FBgn0030582,ACCGATTGCACCTAGTGTCATGTGCGTGCATGTGTGTGCGTGTGTGTGTCAGTGTGTCGT
455,FBgn0030608,GCCGTGAGCGAGTATATTATTTGGTCGGCGCGTCGAGCGTTTAGTCAGTCTCTCAGGGTT
456,FBgn0000459,CAGCGTCAGCGGCGTGTTTAAGCAACCACTTTGCTGTTTAGCTGTTAGTCACAGTGGGTG
457,FBgn0030749,TTATAAAAGTTAAATTGCTTTGCGTATTAAGGATAAAACGAGAAAAGGTCATGACTTAGA
458,FBgn0026575,AGGCTTCGCCCGGCGTGCCCATCTCTAGCCAAAAACGACCTTTTTTCGCCAGAAATCATT
459,FBgn0250788,CTGCGCAGTAGGCGTTTTTTAGCGCCTTCTCGCGCTGGTTCACTTCGTTCACTCGTTCGC
460,FBgn0027335,CGTCGAGGGGCTGACCGTCACCCGTGTAAAGCAAAGGGGGTTTGCCAGTGAGATCGCCGG
461,FBgn0030970,ACTGTTAGCTATCAAAAACAGCTCACTGCGAGAATTATAGCTTTTTGGTATTCATTGCTA
462,FBgn0085430,CATATCGAGTGTGTGAGCACTATCGCTGACCACTAACACCAACAACGTTTAGGAGCAAAA
463,FBgn0030995,CGATGCGATCGGACGATAGCTATCGGAGCTATCCGTGTCCTTTTACAATAGAATAAACCT
464,FBgn0030996,GACATCTGGCTAGTCCTTAGTCAAGCCAATCGCCAGAGCAGGCAAGAGTTATCGATATCG
465,FBgn0052533,AACACAATAGCCGAACCCAAGAACGTGTCGACTGGCAAATAGCCATCGTCACAATAGCAA
466,FBgn0031048,AACGTGTAGGTTCGCGTGCGTGTTGCCACAAACGCGGGTCCGCTGGACCGTAAATCGTAG
467,FBgn0015789,AAGTTGCCACACTGGTGAGAGCATGGATGGTATCGAACAGATATCGATTCATGTTCCAGC
468,FBgn0031108,GAAACGTGAAGCGACGAACAGTAATCCAAGAGCGAGCCTCGATATCCGTCTTGTGTGAGT
469,FBgn0052521,ACCTCGGCTTGGCCAAAAACCGCGATGTGACCGCGACGCAACCGCGAGTCACGTTTTGCT
470,FBgn0266848,AAACGTGTTCCATAAAGAATATCGATAGACGCGCCAGTGTGACAAAAACACACTTTTAAG
471,FBgn0031227,AAGCTGTCGACTATCACAACCAATCGCGCGCTTGGCGAAGGTGCAAAACAAATATTAAAA
472,FBgn0031229,TCTGAATTAATCGCTAACAGCCATGTCGGTAATATTATATTTCGAACTCTGGTCACACAG
473,FBgn0053635,GGCCTTTTCATATCATCTATCATATCGGTTCCTCAGTCGAGATCGACACAACCAATAGCA
474,FBgn0263933,GTCACAAAACACAAGGCTGCGCAACCTCTCGCAGCGCACACCTTGAGATTACTCCGCCAT
475,FBgn0004583,TCTCGACTCGATCTTCGTTGTGTTCGGTTTCGCTGAGCAGGGGCAAAATCAGTATATCGC
476,FBgn0021874,GGCAGACGGCTAACGAGTAGTGATTGCTTGTTCAACGCCGTGCACAAATGAAAACAAAAC
477,FBgn0020304,GAATTAAAGAGCGCATTAATCCTTCAACTCTAGGTTATTTCCTCCTTGTGTGAGCCCGCT
478,FBgn0020305,GTTGGTCAAAAGGGACTATACCAGTGTGCGTAAATGGCGACTAGACCGTCGGACCGGTTT
479,FBgn0053526,CACTGGCTTATCGATTACCGATAGCCGCGAGCACACGTCCGAATTTCATCAGTGCCTGAA
480,FBgn0003310,CCATAAAGGGCGTCGGCCTACCATATAAGGCCCCTACCGCGGCGCCAGTGTGAGACAGGG
481,FBgn0015905,GCGAACGGCCACGCTAAAGAATCGATATGTACATCGATAGTATCGCACTGCAAACTGACA
482,FBgn0031299,CAAACAAAAAAAGCCGAGCCGACCGGCGAGCGAAGGCTCAACGGCGAGTCAGACTTTTCA
483,FBgn0031309,TTCAAATAACGCGATGGGATGACGTTTATAGCTAACCAAGCGTAGAGATCGCTATTGTAA
484,FBgn0031310,TTATTGAAAACAAATCGGTGTCACCACCAGCCGCCTTCGATAGAGCTGTTATCGTTATCG
485,FBgn0261458,ACACAAGACAAGAGGCACACATTAGCGTAAACACACGGTAAACCAAGACACGAACCAGCC
486,FBgn0031356,CAACGGCCGAGGTACCAGTGTGACCGAGTTCGCAGTCTATCCGAGCCGTTCACAATAGCT
487,FBgn0031357,AGCCAGTGTGACCATGGAGCCGGCAACAGTGTGGCTGCACGCCATCAGCTGGTGATATAA
488,FBgn0031359,AGAACCGCGGAGCGTCGCCGCCATACGAAGGTGTCAGCGTCACGCCAGTGAGAGTGCCTG
489,FBgn0031379,ACAAAGATATCGATTTAGCGAGACTAGCCGTGCCATCACTAAAAGCAGTTGCCATTCACT
490,FBgn0259230,ACACCACGATAACTTATTTATATTTTCGCGCCTAAGTCAAGTAGCTTATTGTATCACAAA
491,FBgn0004507,AAAGCTCTGGCGCAAAAGCTATCTCCGAAAGTATGCCGAAAGTATAAAGTGAGAATCGCT
492,FBgn0031403,CTTAGGCTTGGCTATCAAACAGGCTATCAACATTAGCGACATACTGAGTAGAGATTGCCT
493,FBgn0267378,CACCTCTAGAAGCAAAACGTTATCCAACACTTAAGGTCTGGAAAATTGCCAGTACTGAAA
494,FBgn0264978,AAGTGTGGTCGGCGTGTCGACTACGGACATGATACGTGATTTTAAAGGGTTTTGCGCAAC
495,FBgn0011818,TCAGCTGATTTCGAAAAGTCACGTTTCAGTCAGTTTCACCATTTTCTGCCAGTTATTTTT
496,FBgn0031453,CCACATCCACTGTTCTGCTCTGTTCTGTTCTGTTCCACCGACGAACGGTCAGAACGCCAC
497,FBgn0031458,ACAGTGTGGCAGCCCGAATGGCACTGCAAAAGTCTGGCAACTCTATGCGAGTCTCTGCTT
498,FBgn0026324,TTATTAAGCTATTGATCGTAGAGGGTAGTGATGCAGACGTGACACAAATTAAACATAACA
499,FBgn0028398,GCCAGTGCTATCGATTCTTCTTACGGTTCGTCATCGATTACAATATAAACATACACACAT
500,FBgn0031479,CGTAGGGACCAGCTCGACTCGAATATTTCCATTGCCCGTGGGATCGGGTCAGTCGACTAA
501,FBgn0028970,CCACTGCCGCGTTGCCAACCATCGCGCAGATGAATCAGCTGTGCTCGATTGGATTCACTG
502,FBgn0031516,TATGATTAGTCGCGTCAAGTATAAAAGTTGAAAGGACTTAAGTAAAAGTAAGGCACGGTA
503,FBgn0261560,GAGAGTAAGAATGGGGGGGTATAAATAGAGCCACACTTCGTAATACCGCCAGCAATCGCC
504,FBgn0031545,AAGGTTTAGACAACGGTTGACGGGTCCCGCTTACAGGCACCTAAAAAGTCAAGTAAAATA
505,FBgn0053002,GTTGTCAGACAATTACGAGAACTAGATCGACTTGAGCCCCCAGTGTGACCACGGGTAGAC
506,FBgn0031610,AACATCGATAATAAATCGATTTAGCATATGGCCCAGAGAATAGGGTGCCCAGTGTACTGT
507,FBgn0031661,TGTTCACGAAGCTAACGCTACATAGCTATTGGTTAGCTAATAAATAAGTGGAGATGGACT
508,FBgn0031662,TTTGTGGCAGTGTTGAGTAGCAGGAAAACCCACGTAGCGATTTTTAGCGCATACCTTTCA
509,FBgn0031677,TTTTAAGGAATGAAGGCTATTGTGTTGGCTATTGATTTTGAAATTTTGTATCGCCATGGA
510,FBgn0014189,CCTCCCTTGCGGCCGTGGCCAAGGCGTTTTTTTTCGCCGTAAAAGAAATTGTTTGTGTAC
511,FBgn0031736,CGCTGCCACCTCTGGCCATCGCAGCTGACTCTAGAACGCGTCGTGGAAATAGGAATAAAC
512,FBgn0031738,GACGGTTGGCTTTACGGTGTCTGAAAAACATCCGAAAAGGTGAAAAAGCTAAAGCTCTGA
513,FBgn0031739,TAAATTTAGTAACTACCATAAAAAACCGCGGACGGCGCGAGTTCGCAATAACCATAAAGG
514,FBgn0043362,TGGAAAATGTGAACAGCTGATACCACTGGCAGCGCTACGCAACACTCGACAGAATAACGA
515,FBgn0000308,TATATCCGCAACTTTAATTTCCGATAAAAATTAAATACTGTCAATGAGTCACGGCCGGTT
516,FBgn0001941,TGCTCTCCATTGGGTTTCATGTGAATTTTCACCCCGCAAACTTGTGAATCAGTTTTCATG
517,FBgn0031772,AATCAAAGCAACAGTAAATACGTCCACACTGTATACTCTACTATTTGTTTAGTTAGAAAA
518,FBgn0031777,GGGGGTTATTCAAGAGTAAACATAGCGATTAAAGCGTGGAGATTAGAAGTTTGCGTGTAA
519,FBgn0265778,TTTAAATACCGCAATTCAGCGATAGTCATAGATAGTATAGAAAACCTGGTATCACTGAGC
520,FBgn0031799,CATCGAGACAATTCAAACTATAAAATGACAAGCGATCTTTGGCAATAAGAGAACGACACA
521,FBgn0027496,GACGATAACAACGTATCTGGTATCGATGTACGATAGGCACCGATAAGTTTACACAAATAA
522,FBgn0286898,CGGTATTTTTCTGAGGCCACACAGCATTCCTTGGCGCACCCAGTACGGTCACACGAATGA
523,FBgn0263200,GTGATCGCCGTGTGTGTTAGCGCGAGTGTGACAAATGTGTGGGTATAGTCTTGCGGGTCG
524,FBgn0025777,CCGACGCCTTTTCCGAATCGTGTATTACGTTAAATCAGCCGCCAGCTGTCAGCGGTCGCT
525,FBgn0046704,ATTTTGTAGTGAAGAACCAGGGTTGGTTTACGGATTTTAGCCGTTTTGCCATCTGGTAAC
526,FBgn0042189,TTGGCTTTGAACTTGACCTACACGACCCGGTTCCCTTGTCGATTGGAGTAAGCTATAGAC
527,FBgn0031859,AGAGTTTGCCTTGGCTTATACACACAACCCTACACAACTAGTAAGGAGTAAGCTATGGTT
528,FBgn0028554,TAACTCGTATTGAAAACCATATAAAAATCGCTCAGGCGTCAAAGAAAATTACCAGACAGG
529,FBgn0284084,GTCGCTGCTGACAAACGCAGAGTCGGACGAAAGAACGCACCGTGTGTTTCAGTTAAGCGT
530,FBgn0261790,CCATCCGGCGCTAATACACACTGGTAGACACGACACGGTAGCTATAAAGACGGATAGCGG
531,FBgn0083968,GGTAAATCCTCTGGTAGCATAACCATATCGATAGAAACACTATCACAATCGCACTGTTAA
532,FBgn0031977,TGCATTTTCGAAAATATCACTTGCTGCCACACTGGCTGTGCGTCATTTTCAGAAACGCCG
533,FBgn0044323,TGCGAGCGGGAAAAAGGCTGTGCGGTCACTGCTACTCTGTGTGTTATTTCAGAGTTACAG
534,FBgn0031987,TGGGATACTGCCAATTGTCGTGACATCTGGTTGTCGACAAATTAAACGTCGTTATATTAT
535,FBgn0031988,CGAAAGTAAAAACATAAATTTTTAACTTATCGATGTTGCTTTACATCACTAATGTTGAGC
536,FBgn0264953,AGCGGGAGAGCGTGGGTATTTAAGGAGAAGGTAGCGCTAACCACTCATTCAGTTCGAAAT
537,FBgn0031998,GCTCGTCGACCGGATCACCGAAAATAAAAGCTGGGCGAGCGTCTGTAGTCAACGTCAAGC
538,FBgn0032000,CGTTACGAAAGGTTGTGACAGTTAGAGGTACAGTTATTTATGACTCCATCTACACTCACT
539,FBgn0032026,GGCTATCGGCGGCTTTGGCTTTGGCGGTCACAAGTCTTAAGTCGTAAGTCATCGGACGAC
540,FBgn0261437,CACAGGAGTGCTTTGGGAAGGTTTCATTTCTTGCAGCACGCTAAACGGTCACATTATTGT
541,FBgn0032033,GGCTATGGGTGACATAAGTTGTAAGAGTGTGGCCAAGCCCTGAATATGTTGTGACTGGGT
542,FBgn0032034,CGGAAAAAGGTCTCGGAAAGTAACGCGAAATTTACAGATGATGACATATCAGTGCTGTTA
543,FBgn0032042,AGAACATTCAGAAAAACGCTTTTAGTTCAATCGTACGGGCAACGAGTGTTAACGCAAGAC
544,FBgn0013746,CGACTATCGGTGTAAACCGCCGTTATAAAACGATAAGTGGTTTGCCAGTGTGTCAAAAAT
545,FBgn0040964,TCCCTGGTTTCGAACAGTGCTGCCCATCATTTACATTGGCATTTGTTTTCATCCTTTTTT
546,FBgn0012036,TTATATAAAACAAGGTATACTATGTGGAAATTCTTTTAAGTTATAAAGCCAGCTGTGTGT
547,FBgn0085211,TATTGTAAGTTACATACCCCTAAATTAAATGTTTAGAAAGCTGTACTTTTAGTGTCTGGA
548,FBgn0004868,ACTGCCGTTTGCCCGTCGCGTTTCGCCTGCTCGCTTTCCGCTTGCTCATCTCTTTTTAAT
549,FBgn0032120,TTAGCGAGTCTGGCCACATCATCCCGAAGCCTCTGCAAAGTTTTACTGGTGATTTTGGTT
550,FBgn0040070,TTTACGATAAACTCACAATGACACACAGACACAGACACACAGACATAACCAGACTAAAGA
551,FBgn0286786,CACCTGCGAACGGTTTTCTAACGCTAACGCACGTGTTTGAAAGCGATTTCAATTGTTCTG
552,FBgn0032156,TTGACATTACTTCTCGAAAGCCGACCGCGCCGCTAAGTAGTTCAGAAATCAGAAGTTGAC
553,FBgn0032166,CTGTTTCCCTCTTTTGCTTATTAGTAGTTCACTTCGTGTGAGAGGAAATTAGTCAGTGTT
554,FBgn0011584,TTAGTATCCATGTGTTTGTTTGTTGTGGTGATCACCAGCTCGTTTGATTCAATACTTTCT
555,FBgn0267821,TCGAAGGGACTATCGATTCTTATCGAATCGCAACGCTACAGATGACGCACGAAGAGAACA
556,FBgn0032248,ATTTGTACGCTCGTACAAGTTCGTAAACCTTTGCACCGTTGGGACGAGCGAATAACAATA
557,FBgn0010398,TCCACCACTAACTATCGAATGGCTGCTCGATATCATCAGCTGTCCCAACCATCAGGTGGC
558,FBgn0040232,AGCTTCTATAGCTTCGTATATGTAGGGACTAAAACGTTTCGCCGTAAACAAGCTTAAATT
559,FBgn0032364,TCCAAACCCATTAGAAAACTTGGGAGATTTTAATCAAATATAATGATATTATTACACAAT
560,FBgn0020309,TTATTTCGTCGGGCCAGTGTGACGGTCGAGACCTCTTGATAGCTACAGTATAGCTATGAA
561,FBgn0032400,TCTTTCGAACGCGCGGATATTTTCGGCGACGAGCTGGCTTTTTTAAGTTAAGGCAAGCGT
562,FBgn0032455,ATTTACAAAAAGGTGGCCGCAAGTGTGACAGTGTAATCAAAAGTAAAGTTAGCTCAACTG
563,FBgn0262160,CAACCAACCGACAGCGAGACGTCGACGCAAGCACGCGAAAAACTTTTATCAATGTTCTAC
564,FBgn0032481,CTACACTCTATTATGATGCCACAAAGGGTGCCAGTGTGTCCTATTTCGTTGAATTTTATA
565,FBgn0032482,TATTCATCGCACCAGGCATATGGTATATTTGGACAAACACCGATGCGGCCACTCTGCTCT
566,FBgn0259984,TGGTCACTCTAAGACTGAAGTACATTTGTATATGTGGTGAGAAATCGGGTAGTTTAAAAA
567,FBgn0028540,AATTGTACCCGGCCATTGTCTTCCGCCAGTCAACCGCGTTCGACCAAATCAAAGTTAGCC
568,FBgn0001977,CTATCCGTCCATGTTAGCTATAGTGGCGAGCTAAAAGCCACGTAACGGTATAGATTGAAC
569,FBgn0004837,AACATATCGCCGGTAGGCAGCGACTATCATAAATAAGCGCCTATCGGACTATCGATACAA
570,FBgn0000317,AAATCCGGTAAGCGTTGACCGGGGTGGTGGACCAGTGAGAATAACTAGTCAAATAGCCAA
571,FBgn0010422,TTAACATAATCGGTACCCTTCCGTAAAGAACTGTTCGGTGGCGGGCCATTGTGATTTTGC
572,FBgn0002524,CGCGCAGTTTTCAGTATAACAGCTGGCCGAGTAACTGGCCACACCATTCCAATTAGAAAG
573,FBgn0085197,CAATTTAGACATCTTGAAACACCTGGTTCGATCACCGAAATCGAGTAATATCAAAGCCAA
574,FBgn0020414,ACTGTGCCCATATTTATTCCAATTCCCGTGCTAAGTGTCATTTCGAATTCAGTTTGGTTT
575,FBgn0051810,ACGTGACCGGAATAGTAAATTTCGGTCAAATCAGTACCGGCACATGTGTTAGAGAACTCA
576,FBgn0040985,TTTCGTGAGTGCGACGGTAGCGATCGCCCCTTGAGTGTCGATGCGCAATCAGGGAAAGTT
577,FBgn0261671,CGGCGTTGCCAGTCAGTTAATAGCTGCTTGTTGTGCATCCCCGATCGATCAGCTGTTCGC
578,FBgn0032633,TGTCGTTGCAAAGGTCGCGACGGGTTCATCGTAGGGTATTTGGCTAAGTCAACAAAAAGC
579,FBgn0000636,CGGCCGCTGCGCTGCCCATGTTGGCAACTTTATAAACACGGAGCGGATTCAGTCGTTTGG
580,FBgn0284256,CAGGGTGGCTTTTGTTAGCTAACAGCGTCCATTTGTAGCTATCCGCGCTTCTCTGTAGCC
581,FBgn0032680,TTTCGGTGGGACCAAAACGTTCAAATCAAATGTATCAGCTTAGCGGTGACACAAACGAGA
582,FBgn0032705,GGAAAATCGACGGACGAGCTTTGGAATTTTCAGGTAATAAAGCAGCGGGCACATTCTTAA
583,FBgn0032723,CATAGCTATCAAATCGAAGATAGCTAATGGGTTACTGTCTATAACGTGTTAACGTCGGGT
584,FBgn0051800,ATAGATCTCTGCCGGCACGTTATACTGTAGATAAGCTATCACTAGCTATTGTGGATCCCT
585,FBgn0086442,TGTTTACCTCTCAGTAGTTATATCATAGAAGCGTACCCTTTTTTACAGCTGTCTGATACG
586,FBgn0002021,AATAAATTTAACGTTATTTTGTAATGGTGTTAAGGCAATTCGGAAAAGCTATAGCTATGA
587,FBgn0261396,CCAGCACTGCCTGTAGCCGAAAACGAATAAGAAGAAGAAGCGACATTACTAGGCATTTTT
588,FBgn0265263,AGACAGTTGTCAAAACCTCTACGGTTTACAGCTCTTCCCTAGTGTAAGTAAGAAAGGGGG
589,FBgn0024245,TTCGCTTGCACAAGCAGCTCTCTCCTCTCGCCCAGTCTAAACAACCTGTCAAACCAAAGC
590,FBgn0284220,AGTAAGTTTGTAGCTAAACACGCGGAACGGTCGAGATTTTGGTCGTTATGAAGAGTAAAC
591,FBgn0032816,AATTATCGGGTGGAGCGGTCAGCCTTCACCACTTGGGGTGGTTATCGATTGACGATAGCC
592,FBgn0032821,ATTTATCACGCAATATTATTCCGGCCACCATAAAATTAGCAATAGCAGTGTAAACAACAG
593,FBgn0032900,ACATTCTGAATGCGATTGTTCGCACGTTCAGTTCAGTTTCTGTTTAGTTCAGTCGCGTGT
594,FBgn0266369,TTTCAGTGGTGTTCAGTCTTAGAGCGAGGAGTCGAGGCAAGACAAAAGTAAGGCGAAAAT
595,FBgn0032919,ATATCGATAATATCGCAAATAGTTCTATTTCTATTTTACCGCCTCTAATTCTTTTATTTC
596,FBgn0032935,ACTAAATACACACACACACAACACACATCCCCCTTAAACAACTATCTATCTTGCTCTTTT
597,FBgn0026577,TGCAATCTGCAGTATTGTCGAAAAGTGACTGCGCGGCCACACTGAAACTCACAACAGAAA
598,FBgn0261239,TAAAGTGGCAGTGTGCAGCAACAGCTCGCAGAAAGGTGGCAACGCTCGCTAACAGACCGA
599,FBgn0032938,GCTTGGTATTTTAAAATAGTTACGGTACAGTCCTACTGTACACTGCGGTCACACTGGTTC
600,FBgn0028979,TCAGCTCTCAACGTTCCGATTGTCAAAAAGATATTTCAGTCGAATGTTTTAGTTTCGACC
601,FBgn0000384,TATACAGGCAAAAATTATTATCACCGCTGTTGTTTGCTCCATATATAATTACAATTATAT
602,FBgn0039889,AAATTCGATGTAGTTTAATAAATTAGCCATTGTCACACAATAGCTTAATTTGCTTTTATA
603,FBgn0026869,TTTTCGAGGCTATTTGACGTTTATTCAGTCGTTTCGAGGAAAAAGGATCAGAAAGATAAA
604,FBgn0039923,GACGTATCACGGTTTGGTTACATACCGGCAATGCGTAGAACAATAAGATCACAGAAACCA
605,FBgn0039928,TATACATTAGGTTGTTAGTCAAAGTGACACCATGTAAAATATTACAAATTAGTATATATC
606,FBgn0013749,TTTATAGAAAACAGTATTTTTAACCATCGTTTAACTTTTCTGAAAAGTACAGCATTATTA
